{
  "area": 697.76,
  "bend_count": 6,
  "penalty": 200000.00,
  "via_count": 0,
  "wirelength": 123.58,
  "routing_evaluation": {
    "phi_cost": 200002.25,
    "normalized_area": 1.26,
    "normalized_wirelength": 0.84,
    "normalized_bend": 0.50,
    "normalized_via": 0.00,
    "routing_cost": 18700204.33,
    "failed_nets": 0,
    "candidate_count": 41,
    "detailed_routes": 10,
    "traceback_failures": 2,
    "space_nodes_with_routes": 2,
    "dp_used": true,
    "dp_nodes": 6,
    "dp_states": 23,
    "dp_pruned_states": 28,
    "dp_traceback_segments": 6,
    "packing_trace_steps": 6,
    "packing_time_dp_used": true,
    "packing_time_dp_segments": 6,
    "space_feedback_nodes": 10,
    "routing_feedback_iterations": 1,
    "routing_feedback_converged": true,
    "global_wirelength": 177.33,
    "global_bends": 9,
    "global_vias": 0,
    "global_penalty": 18700000.00,
    "final_penalty": 200000.00,
    "flow_penalty": 0.00,
    "current_density_penalty": 0.00,
    "coupling_penalty": 0.00,
    "design_rule_violations": 0,
    "design_rule_penalty": 0.00,
    "detailed_cost": 200141.58,
    "detailed_routing_penalty": 200000.00,
    "routing_failure_penalty": 200000.00,
    "routing_warnings": ["9: legal candidate rejected: candidate route segments short with occupied routes: 9:M1 (24.572700,7.472400)->(24.572700,15.663300) with 8:M1 (39.517500,15.663300)->(12.645600,15.663300)", "9: reroute rejected: reroute route segments short with occupied routes: 9:M1 (24.572700,15.232200)->(20.118000,15.232200) with VDD:M1 (20.118000,15.519600)->(20.118000,15.232200)", "detailed routing could not legalize same-layer short for 9 XR13.PLUS -> MM21.G", "12: legal candidate rejected: candidate route segments short with occupied routes: 12:M1 (6.179100,15.232200)->(20.118000,15.232200) with VDD:M1 (20.118000,15.519600)->(20.118000,15.232200)", "12: legal candidate rejected: candidate route segments short with occupied routes: 12:M1 (6.179100,15.088500)->(20.118000,15.088500) with VDD:M1 (20.118000,15.232200)->(20.118000,7.185000)", "12: legal candidate rejected: candidate route segments short with occupied routes: 12:M1 (6.179100,13.938900)->(20.118000,13.938900) with VDD:M1 (20.118000,15.232200)->(20.118000,7.185000)", "12: reroute rejected: reroute route segments short with occupied routes: 12:M1 (9.627900,13.507800)->(9.627900,15.807000) with GND:M1 (9.771600,15.663300)->(9.627900,15.663300)", "12: reroute rejected: reroute route segments short with occupied routes: 12:M1 (9.627900,13.507800)->(9.627900,15.807000) with GND:M1 (9.771600,15.663300)->(9.627900,15.663300)", "12: reroute rejected: reroute route segments short with occupied routes: 12:M1 (9.627900,13.507800)->(9.627900,15.807000) with GND:M1 (9.771600,15.663300)->(9.627900,15.663300)", "detailed routing could not legalize same-layer short for 12 XC5.PLUS -> MP24.G"]
  }
}
