{
  "area": 552.77,
  "bend_count": 12,
  "penalty": 12600000.00,
  "via_count": 0,
  "wirelength": 147.18,
  "routing_evaluation": {
    "phi_cost": 12600002.20,
    "normalized_area": 1.00,
    "normalized_wirelength": 1.00,
    "normalized_bend": 1.00,
    "normalized_via": 0.00,
    "routing_cost": 12000183.18,
    "failed_nets": 0,
    "candidate_count": 44,
    "detailed_routes": 0,
    "traceback_failures": 4,
    "space_nodes_with_routes": 0,
    "dp_used": true,
    "dp_nodes": 6,
    "dp_states": 23,
    "dp_pruned_states": 34,
    "dp_traceback_segments": 6,
    "packing_trace_steps": 6,
    "packing_time_dp_used": true,
    "packing_time_dp_segments": 6,
    "space_feedback_nodes": 12,
    "routing_feedback_iterations": 2,
    "routing_feedback_converged": true,
    "global_wirelength": 147.18,
    "global_bends": 12,
    "global_vias": 0,
    "global_penalty": 12000000.00,
    "final_penalty": 12600000.00,
    "flow_penalty": 0.00,
    "current_density_penalty": 0.00,
    "coupling_penalty": 12000000.00,
    "design_rule_violations": 1,
    "design_rule_penalty": 100000.00,
    "detailed_cost": 600221.62,
    "detailed_routing_penalty": 600000.00,
    "routing_failure_penalty": 500000.00,
    "routing_warnings": ["8: legal candidate rejected: candidate route segments short with occupied routes: 8:M1 (35.459733,7.430900)->(13.167033,7.430900) with VDD:M1 (15.513633,13.427767)->(15.513633,3.911000)", "8: reroute rejected: reroute route segments short with occupied routes: 8:M1 (35.459733,13.427767)->(15.904733,13.427767) with VDD:M1 (15.904733,13.427767)->(15.774367,13.427767)", "8: could not legalize XR14.PLUS->8:leaf:0 at 8:leaf:0@8:leaf:0:space_clamped_ideal", "8: legal candidate rejected: candidate route segments short with occupied routes: 8:M1 (35.459733,7.430900)->(10.559700,7.430900) with VDD:M1 (15.513633,13.427767)->(15.513633,3.911000)", "8: reroute rejected: reroute route segments short with occupied routes: 8:M1 (15.644000,7.430900)->(15.644000,13.688500) with VDD:M1 (15.774367,13.427767)->(15.513633,13.427767)", "8: could not legalize XR14.PLUS->8:leaf:0 at 8:leaf:0@8:leaf:0:space_center", "8: legal candidate rejected: candidate route segments short with occupied routes: 8:M1 (7.822000,13.688500)->(7.952367,13.688500) with GND:M1 (7.822000,13.688500)->(7.561267,13.688500)", "8: reroute rejected: reroute route segments short with occupied routes: 8:M1 (7.822000,13.688500)->(7.952367,13.688500) with GND:M1 (7.822000,13.688500)->(7.561267,13.688500)", "8: could not legalize MM22.G->8:leaf:0 at 8:leaf:0@8:leaf:0:space_random:0", "8: legal candidate rejected: candidate route segments short with occupied routes: 8:M1 (7.822000,13.688500)->(7.952367,13.688500) with GND:M1 (7.822000,13.688500)->(7.561267,13.688500)", "8: reroute rejected: reroute route segments short with occupied routes: 8:M1 (7.822000,13.688500)->(7.952367,13.688500) with GND:M1 (7.822000,13.688500)->(7.561267,13.688500)", "8: could not legalize MM22.G->8:leaf:0 at 8:leaf:0@8:leaf:0:median", "8: legal candidate rejected: candidate route segments short with occupied routes: 8:M1 (7.822000,13.688500)->(7.952367,13.688500) with GND:M1 (7.822000,13.688500)->(7.561267,13.688500)", "8: reroute rejected: reroute route segments short with occupied routes: 8:M1 (7.822000,13.688500)->(7.952367,13.688500) with GND:M1 (7.822000,13.688500)->(7.561267,13.688500)", "8: could not legalize MM22.G->8:leaf:0 at 8:leaf:0@8:leaf:0:aligned_x", "8: legal candidate rejected: candidate route segments short with occupied routes: 8:M1 (7.822000,13.688500)->(7.952367,13.688500) with GND:M1 (7.822000,13.688500)->(7.561267,13.688500)", "8: reroute rejected: reroute route segments short with occupied routes: 8:M1 (7.822000,13.688500)->(7.952367,13.688500) with GND:M1 (7.822000,13.688500)->(7.561267,13.688500)", "8: could not legalize MM22.G->8:leaf:0 at 8:leaf:0@8:leaf:0:width_offset", "detailed routing could not legalize same-layer short for 8 XR14.PLUS -> 8:leaf:0", "detailed routing could not legalize same-layer short for 8 MM22.G -> 8:leaf:0", "detailed routing could not legalize same-layer short for 8 XC5.MINUS -> 8:leaf:0", "9: legal candidate rejected: candidate route segments short with occupied routes: 9:M1 (22.423067,7.430900)->(1.303667,7.430900) with VDD:M1 (15.513633,13.427767)->(15.513633,3.911000)", "9: reroute rejected: reroute route segments short with occupied routes: 9:M1 (1.303667,14.209967)->(1.303667,13.688500) with GND:M1 (7.561267,13.688500)->(1.173300,13.688500)", "detailed routing could not legalize same-layer short for 9 XR13.PLUS -> MM21.G", "12: detailed routing used A* reroute fallback", "active-region DRC GND:M1:3 (7.822000,13.688500)->(1.042933,13.688500)", "detailed routing discarded routes with DRC violations"]
  }
}
